-- Insert SAK rows
insert into SAK (SAK_ID, SAKSKODE, REG_DATO, REG_USER, MOD_DATO, MOD_USER, TABELLNAVNALIAS, AAR, LOPENRSAK,
                 SAKSTATUSKODE, ER_UTLAND)
values (111, 'AA', DATE '2020-01-01', 'SYSTEM', DATE '2021-01-01', 'SYSTEM', 'SAK', 2021, 111, 'AKTIV', 'N'),
       (222, 'AA', DATE '2021-01-01', 'SYSTEM', DATE '2022-01-02', 'SYSTEM', 'SAK', 2020, 222, 'AKTIV', 'N'),
       (333, 'AA', DATE '2022-01-01', 'SYSTEM', DATE '2023-01-03', 'SYSTEM', 'SAK', 2021, 333, 'AKTIV', 'N'),
       (444, 'AA', DATE '2017-01-01', 'SYSTEM', DATE '2017-01-04', 'SYSTEM', 'SAK', 2017, 444, 'AKTIV', 'N');


-- Insert VEDTAK rows (2 per SAK)
insert into VEDTAK (VEDTAK_ID, SAK_ID, VEDTAKSTATUSKODE, VEDTAKTYPEKODE, REG_DATO, REG_USER, MOD_DATO, MOD_USER,
                    AETATENHET_BEHANDLER, AAR, LOPENRSAK, LOPENRVEDTAK, RETTIGHETKODE, AKTFASEKODE, DATO_MOTTATT,
                    STATUS_SOSIALDATA, ER_UTLAND)
values (1011, 111, 'IVERK', 'O', DATE '2021-01-21', 'OTA5301', DATE '2021-01-21', 'OTA5301', '0219', 2021, 111, 111, 'AAP', 'INAKT', DATE '2021-01-21', 'N', 'N'),
       (1012, 111, 'IVERK', 'O', DATE '2021-01-22', 'OTA5301', DATE '2021-01-22', 'OTA5301', '0219', 2021, 111, 112, 'AA115', 'INAKT', DATE '2021-01-22', 'N', 'N'),
       (2011, 222, 'IVERK', 'O', DATE '2020-08-01', 'FK4402', DATE '2020-08-01', 'FK4402', '0219', 2020, 222, 1, 'AAP', 'INAKT', DATE '2020-08-01', 'N', 'N'),
       (2012, 222, 'IVERK', 'O', DATE '2020-08-02', 'FK4402', DATE '2020-08-02', 'FK4402', '0219', 2020, 222, 2, 'AA115', 'INAKT', DATE '2020-08-02', 'N', 'N'),
       (3011, 333, 'IVERK', 'O', DATE '2021-04-19', 'AKC0602', DATE '2021-04-19', 'AKC0602', '0219', 2021, 333, 1, 'AAP', 'INAKT', DATE '2021-04-19', 'N', 'N'),
       (3012, 333, 'IVERK', 'O', DATE '2021-04-20', 'AKC0602', DATE '2021-04-20', 'AKC0602', '0219', 2021, 333, 2, 'AA115', 'INAKT', DATE '2021-04-20', 'N', 'N'),
       (4011, 444, 'IVERK', 'O', DATE '2017-02-28', 'BBU2930', DATE '2017-02-28', 'BBU2930', '0219', 2017, 444, 1, 'AAP', 'INAKT', DATE '2017-02-28', 'N', 'N'),
       (4012, 444, 'IVERK', 'O', DATE '2017-02-28', 'BBU2930', DATE '2017-02-28', 'BBU2930', '0219', 2017, 444, 2, 'AA115', 'INAKT', DATE '2017-02-28', 'N', 'N'),
       (4013, 444, 'IVERK', 'O', DATE '2018-02-28', 'BBU2930', DATE '2017-02-28', 'BBU2930', '0219', 2017, 444, 3, 'AAP', 'INAKT', DATE '2017-02-28', 'N', 'N');

-- Insert vedtakfakta rows for AAP vedtak
insert into VEDTAKFAKTA (VEDTAK_ID, VEDTAKFAKTAKODE, VEDTAKVERDI, REG_DATO, REG_USER, MOD_DATO, MOD_USER, PERSON_ID)
values (1011, 'MAXDATOAAP', DATE '2021-10-18', DATE '2021-01-21', 'OTA5301', DATE '2021-01-21', 'OTA5301', null),
       (2011, 'MAXDATOAAP', DATE '2021-10-18', DATE '2020-08-01', 'FK4402', DATE '2020-08-01', 'FK4402', null),
       (3011, 'MAXDATOAAP', DATE '2021-10-18', DATE '2021-04-19', 'AKC0602', DATE '2021-04-19', 'AKC0602', null),
       (4011, 'MAXDATOAAP', DATE '2021-10-18', DATE '2017-02-28', 'BBU2930', DATE '2017-02-28', 'BBU2930', null);

insert into VEDTAKFAKTA (VEDTAK_ID, VEDTAKFAKTAKODE, VEDTAKVERDI, REG_DATO, REG_USER, MOD_DATO, MOD_USER, PERSON_ID)
values (3011, 'MAXDATOUNT', DATE '2023-10-18', DATE '2023-01-21', 'OTA5301', DATE '2021-01-21', 'OTA5301', null),
       (4011, 'MAXDATOUNT', DATE '2023-10-18', DATE '2022-08-01', 'FK4402', DATE '2020-08-01', 'FK4402', null),
       (4013, 'MAXDATOUNT', DATE '2023-08-08', DATE '2022-08-01', 'FK4402', DATE '2020-08-01', 'FK4402', null);
