-- person med kun vedtak med gamle rettighetskoder
insert into PERSON(PERSON_ID, FODSELSNR, FORNAVN, ETTERNAVN)
values (992, 'kun_gamle', 'Gammel', 'Rettighet');

Insert into SAK (SAK_ID, SAKSKODE, REG_DATO, REG_USER, MOD_DATO, MOD_USER, TABELLNAVNALIAS, OBJEKT_ID, AAR, LOPENRSAK,
                 DATO_AVSLUTTET, SAKSTATUSKODE, ARKIVNOKKEL, AETATENHET_ARKIV, ARKIVHENVISNING, BRUKERID_ANSVARLIG,
                 AETATENHET_ANSVARLIG, OBJEKT_KODE, STATUS_ENDRET, PARTISJON, ER_UTLAND)
values ('13', 'AA', DATE '2022-02-02', 'IMB0826', DATE '2023-02-22',
        'MM0826', 'PERS', '992', '2021', '13', null, 'AKTIV', null, null, null, 'IMB0826', '0826', null,
        DATE '2023-02-22', null, 'N');

insert into VEDTAK (VEDTAK_ID, SAK_ID, VEDTAKSTATUSKODE, VEDTAKTYPEKODE, UTFALLKODE, RETTIGHETKODE, PERSON_ID, FRA_DATO,
                    TIL_DATO, AETATENHET_BEHANDLER, LOPENRSAK, AAR, LOPENRVEDTAK, AKTFASEKODE, DATO_MOTTATT)
values ('994321', 13, 'IVERK', 'O', 'JA', 'ABOUT', '992', DATE '2010-08-27',
        DATE '2015-02-04', '4402', 13, '2021', 20, 'IKKE', DATE '2022-08-30'),
       ('9912345', 13, 'IVERK', 'O', 'JA', 'ATIF', '992', DATE '2016-12-31',
        DATE '2021-01-01', '4402', 13, '2021', 21, 'IKKE', DATE '2022-08-30');

-- person med vedtak med forskjellige vedtak rettighetkoder
insert into PERSON(PERSON_ID, FODSELSNR, FORNAVN, ETTERNAVN)
values (996, 'kun_nye', 'Ny', 'Rettighet');

insert into VEDTAK (VEDTAK_ID, SAK_ID, VEDTAKSTATUSKODE, VEDTAKTYPEKODE, UTFALLKODE, RETTIGHETKODE, PERSON_ID, FRA_DATO,
                    TIL_DATO, AETATENHET_BEHANDLER, LOPENRSAK, AAR, LOPENRVEDTAK, AKTFASEKODE, DATO_MOTTATT)
values ('995555', 13, 'IVERK', 'O', 'JA', 'AAP', '996', DATE '2019-08-27',
        NULL, '4402', 13, '2021', 30, 'IKKE', DATE '2022-08-30'),
       ('995556', 13, 'AVSLU', 'O', 'JA', 'AA115', '996', DATE '2019-08-27',
        DATE '2025-01-01', '4402', 13, '2021', 31, 'IKKE', DATE '2022-08-30'),
       ('995557', 13, 'IVERK', 'S', 'JA', 'AA115', '996', DATE '2019-08-27',
        NULL, '4402', 13, '2021', 32, 'IKKE', DATE '2022-08-30');


-- person med vedtak med forskjellige vedtakstype-kode
insert into PERSON(PERSON_ID, FODSELSNR, FORNAVN, ETTERNAVN)
values (997, 'blanding', 'Blandet', 'Vedtak');
Insert into SAK (SAK_ID, SAKSKODE, REG_DATO, REG_USER, MOD_DATO, MOD_USER, TABELLNAVNALIAS, OBJEKT_ID, AAR, LOPENRSAK,
                 DATO_AVSLUTTET, SAKSTATUSKODE, ARKIVNOKKEL, AETATENHET_ARKIV, ARKIVHENVISNING, BRUKERID_ANSVARLIG,
                 AETATENHET_ANSVARLIG, OBJEKT_KODE, STATUS_ENDRET, PARTISJON, ER_UTLAND)
values ('14', 'AA', DATE '2022-02-02', 'IMB0826', DATE '2023-02-22',
        'MM0826', 'PERS', '997', '2021', '14', null, 'AKTIV', null, null, null, 'IMB0826', '0826', null,
        DATE '2023-02-22', null, 'N');

insert into VEDTAK (VEDTAK_ID, SAK_ID, VEDTAKSTATUSKODE, VEDTAKTYPEKODE, UTFALLKODE, RETTIGHETKODE, PERSON_ID, FRA_DATO,
                    TIL_DATO, AETATENHET_BEHANDLER, LOPENRSAK, AAR, LOPENRVEDTAK, AKTFASEKODE, DATO_MOTTATT)
values ('994444', 14, 'AVSLU', 'O', 'JA', 'AFLYT', '997', DATE '2023-08-27',
        DATE '2024-02-04', '4402', 14, '2021', 40, 'IKKE', DATE '2022-08-30'),
       ('994445', 14, 'IVERK', 'E', 'JA', 'AHJMR', '997', DATE '2022-08-27',
        DATE '2024-02-04', '4402', 14, '2021', 41, 'IKKE', DATE '2022-08-30'),
       ('994446', 14, 'IVERK', 'G', 'JA', 'AAP', '997', DATE '2022-12-31',
        NULL, '4402', 14, '2021', 42, 'IKKE', DATE '2022-08-30'),
       -- disse tre skal filtreres ut
       ('994447', 14, 'IVERK', 'S', 'JA', 'AAP', '997', DATE '2016-12-31',
        NULL, '4402', 14, '2021', 43, 'IKKE', DATE '2022-08-30'),
       ('994448', 4, 'IVERK', 'G', 'JA', 'AAP', '997', NULL,
        NULL, '4402', 14, '2021', 44, 'IKKE', DATE '2022-08-30'),
       ('994449', 14, 'IVERK', 'G', 'JA', 'AAP', '997', DATE '2020-01-03',
        DATE '2017-12-31', '4402', 14, '2021', 45, 'IKKE', DATE '2022-08-30');

